date,sector,symbol,name,sector_rank,sector_count,final_score,quantitative_score,news_score,news_label,news_note,trend_score,valuation_score,profitability_score,liquidity_score,income_score,daily_return_pct,period_return_pct,distance_from_52w_high_pct,distance_from_52w_low_pct,market_cap,weekly_avg_volume,price_to_earnings,price_to_book,peg_ratio,eps,net_income_margin,dividend_yield,trend_label,key_reason
2026-07-18,APPAREL,IMAGE,Image Pakistan Limited,1,3,75.42,75.42,,,,37.5,83.33,100,83.33,100,-0.71,-0.71,22.03,40,6.13B,742.36K,7.61,1.26,,3.49,17.93,7.52,flat,-0.71% period return; PE 7.61; EPS 3.49; margin 17.93%
2026-07-18,APPAREL,INKL,International Knitwear Limited,2,3,39.17,39.17,,,,25,50,50,16.67,50,-2.23,-2.23,38.89,200.9,877.72M,2.05K,,,,,,,down,-2.23% period return
2026-07-18,APPAREL,STYLERS,Stylers International Limited,3,3,35.42,35.42,,,,87.5,16.67,0,50,0,0.6,0.6,16.84,45.31,25.57B,28.46K,22.98,1.88,,2.28,5.99,2.87,flat,0.6% period return; PE 22.98; EPS 2.28; margin 5.99%
2026-07-18,AUTOMOBILE ASSEMBLER,GAL,Ghandhara Automobiles Limited,1,7,65.83,65.83,,,,58.33,77.78,66.67,72.22,50,-2.15,-2.15,10.62,96.64,32.62B,1.49M,2.62,1.7,0,117.24,12.52,2.65,down,-2.15% period return; PE 2.62; EPS 117.24; margin 12.52%
2026-07-18,AUTOMOBILE ASSEMBLER,SAZEW,Sazgar Engineering Works Limited,2,7,65,65,,,,50,44.44,100,72.22,66.67,-1.26,-1.26,25.44,72.25,119.84B,278.7K,6.53,3.37,0,303.75,12.89,3.53,down,-1.26% period return; PE 6.53; EPS 303.75; margin 12.89%
2026-07-18,AUTOMOBILE ASSEMBLER,GHNI,Ghandhara Industries Limited,3,7,63.06,63.06,,,,66.67,72.22,66.67,66.67,16.67,-1.02,-1.02,13.5,91.92,48.25B,603.39K,3.78,2.62,0.02,162.33,11.84,1.54,down,-1.02% period return; PE 3.78; EPS 162.33; margin 11.84%
2026-07-18,AUTOMOBILE ASSEMBLER,MTL,Millat Tractors Limited,4,7,45.69,45.69,,,,41.67,22.22,41.67,72.22,100,-0.06,-0.06,119.43,2.03,115.83B,265.13K,13.47,14.98,0.91,18.49,12.64,7.03,flat,-0.06% period return; PE 13.47; EPS 18.49; margin 12.64%
2026-07-18,AUTOMOBILE ASSEMBLER,HCAR,Honda Atlas Cars (Pakistan) Limited,5,7,45.56,45.56,,,,50,50,16.67,55.56,83.33,-0.81,-0.81,34.28,62.07,34.14B,766.11K,10.56,1.34,32.55,22.64,2.64,3.76,flat,-0.81% period return; PE 10.56; EPS 22.64; margin 2.64%
2026-07-18,AUTOMOBILE ASSEMBLER,HINO,Hinopak Motors Limited,6,7,40.42,40.42,,,,66.67,47.22,16.67,11.11,33.33,0.34,0.34,47.74,62.25,10.65B,15.11K,19.68,1.76,0.27,21.82,4.92,2.54,flat,0.34% period return; PE 19.68; EPS 21.82; margin 4.92%
2026-07-18,AUTOMOBILE ASSEMBLER,AGTL,Al-Ghazi Tractors Limited,7,7,25,25,,,,16.67,36.11,41.67,5.56,0,-2.63,-2.63,31.89,30.84,21.84B,14.38K,10.66,1.95,1.33,35.36,8.63,0,down,-2.63% period return; PE 10.66; EPS 35.36; margin 8.63%
2026-07-18,AUTOMOBILE PARTS & ACCESSORIES,BWHL,Baluchistan Wheels Limited,1,8,76.85,76.85,,,,82.14,60,91.67,42.86,100,-0.83,-0.83,11.89,56.81,3.07B,21.1K,7.85,1.3,0.06,29.35,14.67,7.38,flat,-0.83% period return; PE 7.85; EPS 29.35; margin 14.67%
2026-07-18,AUTOMOBILE PARTS & ACCESSORIES,AGIL,Agriauto Industries Limited,2,8,74.15,74.15,,,,78.57,77.78,75,57.14,66.67,-0.03,-0.03,27.25,28.38,5.6B,6.71K,6.29,0.83,0.48,24.75,5.37,1.12,flat,-0.03% period return; PE 6.29; EPS 24.75; margin 5.37%
2026-07-18,AUTOMOBILE PARTS & ACCESSORIES,EXIDE,Exide Pakistan Limited,3,8,57.62,57.62,,,,60.71,63.33,66.67,19.05,50,-0.34,-0.34,73.19,42.37,4.04B,4.77K,9.36,0.54,,55.53,2.2,0.96,flat,-0.34% period return; PE 9.36; EPS 55.53; margin 2.2%
2026-07-18,AUTOMOBILE PARTS & ACCESSORIES,SLM,Service Long March Tyres Limited,4,8,52.74,52.74,,,,53.57,50,50,66.67,50,-1.27,-1.27,8.61,10.11,188.4B,5.56M,,,,,,,down,-1.27% period return
2026-07-18,AUTOMOBILE PARTS & ACCESSORIES,PTL,Panther Tyres Ltd.,5,8,50.91,50.91,,,,42.86,42.22,50,66.67,83.33,-2.28,-2.28,16.23,25.62,9.52B,2.28M,8.86,1.18,,6.4,3.09,7.06,down,-2.28% period return; PE 8.86; EPS 6.4; margin 3.09%
2026-07-18,AUTOMOBILE PARTS & ACCESSORIES,LOADS,Loads Limited,6,8,33.43,33.43,,,,17.86,34.44,41.67,57.14,33.33,-2.36,-2.36,65.81,24.7,5.06B,1.42M,12.77,0.97,-0.01,1.07,4.28,0,down,-2.36% period return; PE 12.77; EPS 1.07; margin 4.28%
2026-07-18,AUTOMOBILE PARTS & ACCESSORIES,GTYR,Ghandhara Tyre & Rubber Company Limited,7,8,32.58,32.58,,,,32.14,55.56,0,57.14,33.33,-3.88,-3.88,45.56,52.65,4.14B,4.61M,-5.36,0.65,0.58,-6.34,-4.84,0,down,-3.88% period return; PE -5.36; EPS -6.34; margin -4.84%
2026-07-18,AUTOMOBILE PARTS & ACCESSORIES,ATBA,Atlas Battery Limited,8,8,28.15,28.15,,,,32.14,16.67,25,47.62,33.33,-1.85,-1.85,48.54,24.26,7.35B,11.53K,82.63,0.93,463.54,2.24,0.23,0,down,-1.85% period return; PE 82.63; EPS 2.24; margin 0.23%
2026-07-18,CABLE & ELECTRICAL GOODS,WAVES,Waves Corporation Limited,1,5,60.83,60.83,,,,50,66.67,50,66.67,100,-0.38,-0.38,59.91,32.17,2.98B,1.53M,10.55,0.3,-2.17,1,5.91,0,flat,-0.38% period return; PE 10.55; EPS 1; margin 5.91%
2026-07-18,CABLE & ELECTRICAL GOODS,PAEL,Pak Elektron Limited,2,5,59.58,59.58,,,,37.5,66.67,50,91.67,100,-0.4,-0.4,54.43,30.68,38.64B,6.93M,9.38,0.77,0.32,4.46,5.86,0,flat,-0.4% period return; PE 9.38; EPS 4.46; margin 5.86%
2026-07-18,CABLE & ELECTRICAL GOODS,FCL,Fast Cables Limited,3,5,53.75,53.75,,,,62.5,50,50,50,50,0.5,0.5,19.15,21.98,15.45B,772.06K,,,,,,,flat,0.5% period return
2026-07-18,CABLE & ELECTRICAL GOODS,SIEM,Siemens (Pakistan) Engineering,4,5,50.83,50.83,,,,75,16.67,50,16.67,100,1.1,1.1,13.43,14.91,12.65B,30.4,48.9,2.04,-2.52,31.37,2.85,0,up,1.1% period return; PE 48.9; EPS 31.37; margin 2.85%
2026-07-18,CABLE & ELECTRICAL GOODS,EMCO,Emco Industries Limited,5,5,40,40,,,,25,50,50,25,50,-4.31,-4.31,88.94,67.27,1.83B,124.02K,,,,,,,down,-4.31% period return
2026-07-18,CEMENT,LUCK,Lucky Cement Limited,1,16,66.21,66.21,,,,61.67,52.23,89.29,73.33,50,-1.63,-1.63,18.82,31.45,652.85B,1.6M,7.83,1.62,0.16,56.88,16.86,0.9,down,-1.63% period return; PE 7.83; EPS 56.88; margin 16.86%
2026-07-18,CEMENT,FCCL,Fauji Cement Company Limited,2,16,62.53,62.53,,,,61.67,60.01,50,86.67,78.57,-1.8,-1.8,17.41,47.6,131.28B,7.46M,8.93,1.43,0.08,5.99,16.04,2.34,down,-1.8% period return; PE 8.93; EPS 5.99; margin 16.04%
2026-07-18,CEMENT,DGKC,D.G. Khan Cement Company Limited,3,16,62.09,62.09,,,,46.67,67.89,67.86,84.44,57.14,-2.86,-2.86,32.66,43.26,91.07B,5.1M,7.52,0.81,0.26,27.64,14.23,0.96,down,-2.86% period return; PE 7.52; EPS 27.64; margin 14.23%
2026-07-18,CEMENT,THCCL,Thatta Cement Company Limited,4,16,62.06,62.06,,,,78.33,40.81,67.86,71.11,42.86,0.94,0.94,53.04,59.05,33.72B,6.48M,9.34,3.31,0.05,7.24,24.4,0,flat,0.94% period return; PE 9.34; EPS 7.24; margin 24.4%
2026-07-18,CEMENT,CHCC,Cherat Cement Company Limited,5,16,60.75,60.75,,,,48.33,43.32,89.29,66.67,64.29,-2.05,-2.05,26,37.57,60.14B,271.79K,8.17,1.6,0.31,37.91,19.73,1.78,down,-2.05% period return; PE 8.17; EPS 37.91; margin 19.73%
2026-07-18,CEMENT,PIOC,Pioneer Cement Limited,6,16,56,56,,,,48.33,43.22,67.86,44.44,92.86,-1.75,-1.75,52.67,40,63.6B,524.17K,11.51,1.26,0.18,24.32,14.8,3.57,down,-1.75% period return; PE 11.51; EPS 24.32; margin 14.8%
2026-07-18,CEMENT,POWER,Power Cement Limited,7,16,54.42,54.42,,,,75,58.85,28.57,57.78,42.86,-1.7,-1.7,16.69,52.31,26.83B,1.06M,9.28,1.14,0.15,2.24,8.78,0,down,-1.7% period return; PE 9.28; EPS 2.24; margin 8.78%
2026-07-18,CEMENT,DCL,Dewan Cement Limited,8,16,52.67,52.67,,,,73.33,83.33,0,55.56,42.86,-0.82,-0.82,50.6,63.84,5.89B,3.16M,-4.57,0.24,0.04,-2.37,-4.8,0,flat,-0.82% period return; PE -4.57; EPS -2.37; margin -4.8%
2026-07-18,CEMENT,MLCF,Maple Leaf Cement Factory Limited,9,16,51.84,51.84,,,,35,51.07,60.71,91.11,42.86,-2.95,-2.95,39.26,34.51,100.04B,14.57M,8.89,1.33,0.22,10.74,15.15,0,down,-2.95% period return; PE 8.89; EPS 10.74; margin 15.15%
2026-07-18,CEMENT,SMCPL,Safe Mix Concrete Limited,10,16,51.28,51.28,,,,65,50,50,17.78,50,-1.78,-1.78,34.89,80.61,1.06B,23.68K,,,,,,,down,-1.78% period return
2026-07-18,CEMENT,GWLC,Gharibwal Cement Limited,11,16,50.38,50.38,,,,43.33,67.06,39.29,22.22,85.71,-1.55,-1.55,56.86,28.26,19.89B,150.45K,5.92,0.73,0.5,6.74,12.64,3.02,down,-1.55% period return; PE 5.92; EPS 6.74; margin 12.64%
2026-07-18,CEMENT,ACPL,Attock Cement Pakistan Limited,12,16,48.63,48.63,,,,56.67,26.74,50,24.44,100,-0.25,-0.25,43.54,10.45,31.12B,80.95K,10.8,1.3,0.78,20.97,6.74,3.75,flat,-0.25% period return; PE 10.8; EPS 20.97; margin 6.74%
2026-07-18,CEMENT,FECTC,Fecto Cement Limited,13,16,44.09,44.09,,,,21.67,73.63,39.29,22.22,71.43,-3.67,-3.67,86.52,45.76,5.26B,150.34K,7.5,1.04,-0.06,14,5.6,1.91,down,-3.67% period return; PE 7.5; EPS 14; margin 5.6%
2026-07-18,CEMENT,KOHC,Kohat Cement Company Limited,14,16,39.89,39.89,,,,15,28.08,75,53.33,42.86,-3.2,-3.2,483.87,31.46,89.43B,554.06K,9.16,1.62,0.33,10.62,25.96,0,down,-3.2% period return; PE 9.16; EPS 10.62; margin 25.96%
2026-07-18,CEMENT,DNCC,Dandot Cement Company Limited,15,16,30.5,30.5,,,,56.67,19.05,7.14,26.67,42.86,0.33,0.33,53.72,30.43,5.78B,39.52K,92.25,2.79,-0.32,-0.39,-1.76,0,flat,0.33% period return; PE 92.25; EPS -0.39; margin -1.76%
2026-07-18,CEMENT,FLYNG,Flying Cement Company Limited,16,16,23.05,23.05,,,,13.33,32.33,17.86,22.22,42.86,-6.29,-6.29,41.7,9.82,29.91B,27.94K,33.33,2.32,0.13,1.29,5.99,0,strong_down,-6.29% period return; PE 33.33; EPS 1.29; margin 5.99%
2026-07-18,CHEMICAL,GGL,Ghani Global Holdings Limited,1,20,71.68,71.68,,,,65.79,92.86,70,78.95,33.33,-1.17,-1.17,32.84,67.16,8.35B,2.03M,2.41,1.03,0.05,9.78,31.53,0,down,-1.17% period return; PE 2.41; EPS 9.78; margin 31.53%
2026-07-18,CHEMICAL,DYNO,Dynea Pakistan Limited,2,20,69.51,69.51,,,,77.63,61.57,73.33,64.91,60,0.57,0.57,4.83,37.63,6.61B,31.46K,6.35,1.22,0.69,55.14,7.33,4.64,flat,0.57% period return; PE 6.35; EPS 55.14; margin 7.33%
2026-07-18,CHEMICAL,GCIL,Ghani Chemical Industries Limited,3,20,67.96,67.96,,,,78.95,64.1,66.67,82.46,33.33,-0.74,-0.74,11.63,52.75,20.75B,3.47M,5.05,,,5.27,33.37,0,flat,-0.74% period return; PE 5.05; EPS 5.27; margin 33.37%
2026-07-18,CHEMICAL,ICL,Ittehad Chemicals Limted,4,20,62.58,62.58,,,,76.32,60.59,50,73.68,46.67,-0.83,-0.83,26.63,71.38,13.9B,93.78K,10.12,1.27,0.39,13.74,4.34,2.16,flat,-0.83% period return; PE 10.12; EPS 13.74; margin 4.34%
2026-07-18,CHEMICAL,SITC,Sitara Chemical Industries Limited,5,20,62.21,62.21,,,,82.89,47.74,66.67,47.37,40,1.21,1.21,27.71,60.85,17.79B,4.07K,12.7,0.89,0.76,65.36,4.3,1.33,up,1.21% period return; PE 12.7; EPS 65.36; margin 4.3%
2026-07-18,CHEMICAL,WAHN,Wah Noble Chemicals Limited,6,20,57.21,57.21,,,,27.63,81.02,80,33.33,53.33,-2.23,-2.23,49.3,29.36,2.62B,3.81K,5.63,0.91,0.36,51.77,9.43,3.43,down,-2.23% period return; PE 5.63; EPS 51.77; margin 9.43%
2026-07-18,CHEMICAL,BERG,Berger Paints Pakistan Limited,7,20,52.49,52.49,,,,38.16,73.08,40,54.39,73.33,-1.8,-1.8,39.37,25.44,2.48B,136.41K,8.13,0.65,,12.44,3.37,4.94,down,-1.8% period return; PE 8.13; EPS 12.44; margin 3.37%
2026-07-18,CHEMICAL,BIFO,Biafo Industries Limited,8,20,51.09,51.09,,,,48.68,32.18,60,54.39,80,-1.11,-1.11,71.65,52.53,5.6B,90.29K,12.82,1.72,0.6,9.41,12.78,6.22,down,-1.11% period return; PE 12.82; EPS 9.41; margin 12.78%
2026-07-18,CHEMICAL,SARC,Sardar Chemical Industries Limited,9,20,49.3,49.3,,,,47.37,50,50,50.88,50,-6.73,-6.73,12.18,129.78,643.56M,77.34K,,,,,,,strong_down,-6.73% period return
2026-07-18,CHEMICAL,ARPL,Archroma Pakistan Limited,10,20,49.23,49.23,,,,51.32,20.51,63.33,42.11,86.67,-0.27,-0.27,40.79,16.92,13.13B,6.5K,9.95,2.71,4.74,38.21,4.75,7.89,flat,-0.27% period return; PE 9.95; EPS 38.21; margin 4.75%
2026-07-18,CHEMICAL,PAKOXY,Pakistan Oxygen Limited,11,20,48.92,48.92,,,,32.89,47.42,80,38.6,33.33,-3.33,-3.33,24.23,39.37,25.01B,1.64K,10.63,2.01,0.15,22.58,14.35,0,down,-3.33% period return; PE 10.63; EPS 22.58; margin 14.35%
2026-07-18,CHEMICAL,DOL,Descon Oxychem Limited,12,20,47.79,47.79,,,,40.79,36.45,46.67,54.39,93.33,-1.64,-1.64,33.68,20.94,5.37B,261.6K,12.05,1.79,-4,2.55,8.79,13.04,down,-1.64% period return; PE 12.05; EPS 2.55; margin 8.79%
2026-07-18,CHEMICAL,GCWL,Ghani Chemworld Limited,13,20,46.18,46.18,,,,32.89,50,50,63.16,50,-1.87,-1.87,54.86,38.21,4.06B,1.04M,,,,,,,down,-1.87% period return
2026-07-18,CHEMICAL,LCI,Lucky Core Industries Limited,14,20,46.03,46.03,,,,30.26,38.15,63.33,49.12,66.67,-1.29,-1.29,70.72,15.31,107.12B,73.19K,11.48,1.91,0.56,20.25,8.25,4.93,down,-1.29% period return; PE 11.48; EPS 20.25; margin 8.25%
2026-07-18,CHEMICAL,DAAG,Data Agro Limited,15,20,45.92,45.92,,,,51.32,50,50,5.26,50,-2.17,-2.17,36.65,69.23,352M,1.76K,,,,,,,down,-2.17% period return
2026-07-18,CHEMICAL,BUXL,Buxly Paints Limited,16,20,41.19,41.19,,,,65.79,61.26,0,28.07,33.33,1.16,1.16,44.47,42.79,273.51M,3.49K,-11.09,1.68,0.12,-17.12,-4.42,0,up,1.16% period return; PE -11.09; EPS -17.12; margin -4.42%
2026-07-18,CHEMICAL,LPGL,Leiner Pak Gelatine Limited,17,20,40.75,40.75,,,,27.63,50,50,24.56,50,-2.85,-2.85,50.09,46.45,692.1M,5.43K,,,,,,,down,-2.85% period return
2026-07-18,CHEMICAL,LOTCHEM,Lotte Chemical Pakistan Limited,18,20,37.88,37.88,,,,40.79,19.05,13.33,75.44,100,-4.49,-4.49,17.83,58.12,44.08B,30.73M,22.82,2.53,-9.53,1.28,2.41,17.18,down,-4.49% period return; PE 22.82; EPS 1.28; margin 2.41%
2026-07-18,CHEMICAL,NRSL,Nimir Resins Limited,19,20,34.32,34.32,,,,52.63,24.64,20,40.35,33.33,-2.61,-2.61,19.8,63.06,4.75B,17.72K,16.05,1.3,1.45,2.09,2.61,0,down,-2.61% period return; PE 16.05; EPS 2.09; margin 2.61%
2026-07-18,CHEMICAL,EPCL,Engro Polymer & Chemicals Limited,20,20,30.94,30.94,,,,30.26,39.39,6.67,70.18,33.33,-2.97,-2.97,20.32,20.99,29.7B,2.28M,-10.99,1.43,1.02,-2.97,-3.28,0,down,-2.97% period return; PE -10.99; EPS -2.97; margin -3.28%
2026-07-18,COMMERCIAL BANKS,FABL,Faysal Bank Limited,1,3,67.08,67.08,,,,87.5,66.67,50,66.67,50,-0.22,-0.22,7.18,42.65,150.1B,835.68K,6.58,1.32,,15.03,11.4,6.57,flat,-0.22% period return; PE 6.58; EPS 15.03; margin 11.4%
2026-07-18,COMMERCIAL BANKS,MEBL,Meezan Bank Limited,2,3,48.75,48.75,,,,37.5,16.67,100,83.33,0,-1.11,-1.11,7.59,54.6,973.99B,1.11M,10.69,3.43,,50.58,19.77,5.27,down,-1.11% period return; PE 10.69; EPS 50.58; margin 19.77%
2026-07-18,COMMERCIAL BANKS,BIPL,BankIslami Pakistan Limited,3,3,34.17,34.17,,,,25,66.67,0,0,100,-0.29,-0.29,63.09,14.58,29.98B,799.64K,6.98,0.65,,3.87,5.45,10.17,flat,-0.29% period return; PE 6.98; EPS 3.87; margin 5.45%
2026-07-18,ENGINEERING,MUGHAL,Mughal Iron & Steel Industries Limited,1,11,62.42,62.42,,,,60,65.83,62.5,73.33,50,-1.37,-1.37,38.76,39.24,27.57B,919.55K,12.89,0.91,0.89,6.37,2.8,0,down,-1.37% period return; PE 12.89; EPS 6.37; margin 2.8%
2026-07-18,ENGINEERING,CSAP,Crescent Steel & Allied Products Limited,2,11,60.88,60.88,,,,42.5,50.83,75,66.67,100,-2,-2,36.55,34.3,8.16B,362.13K,20.67,0.91,2.97,5.08,4.79,7.14,down,-2% period return; PE 20.67; EPS 5.08; margin 4.79%
2026-07-18,ENGINEERING,KSBP,KSB Pumps Company Limited,3,11,60.81,60.81,,,,82.5,23.33,81.25,36.67,62.5,-0.45,-0.45,5.8,56.51,7.51B,295.64K,34.02,1.76,3.52,7.14,3.26,0.41,flat,-0.45% period return; PE 34.02; EPS 7.14; margin 3.26%
2026-07-18,ENGINEERING,INIL,International Industries Limited,4,11,59.54,59.54,,,,25,79.17,75,60,75,-2.09,-2.09,47.85,32.29,22.21B,162.13K,11.76,0.68,-3.78,14.32,1.72,3.56,down,-2.09% period return; PE 11.76; EPS 14.32; margin 1.72%
2026-07-18,ENGINEERING,ASL,Aisha Steel Mills Limited,5,11,54.96,54.96,,,,87.5,33.33,37.5,60,50,0.32,0.32,26.11,48.53,11.77B,2.85M,181.61,1.18,-13.43,0.07,0.28,0,flat,0.32% period return; PE 181.61; EPS 0.07; margin 0.28%
2026-07-18,ENGINEERING,MSCL,Metropolitan Steel Corporation Limited,6,11,52.33,52.33,,,,70,50,50,13.33,50,0.21,0.21,93.47,99.59,745.01M,178.44K,,,,,,,flat,0.21% period return
2026-07-18,ENGINEERING,ISL,International Steels Limited,7,11,52.27,52.27,,,,7.5,55.83,81.25,70,87.5,-3.19,-3.19,62.14,27.21,36.22B,347.27K,12.01,1.42,-2.92,6.93,3.59,5.4,down,-3.19% period return; PE 12.01; EPS 6.93; margin 3.59%
2026-07-18,ENGINEERING,ITTEFAQ,Ittefaq Iron Industries Limited,8,11,48.96,48.96,,,,55,66.67,12.5,76.67,50,-1.83,-1.83,38.44,58.78,1.32B,11.31M,-2.34,0.45,,-3.91,-27.88,0,down,-1.83% period return; PE -2.34; EPS -3.91; margin -27.88%
2026-07-18,ENGINEERING,BECO,Beco Steel Limited,9,11,46.08,46.08,,,,32.5,50,50,63.33,50,-1.52,-1.52,1315.38,33.33,6.5B,2.95M,,,,,,,down,-1.52% period return
2026-07-18,ENGINEERING,DADX,Dadex Eternit Limited,10,11,33.17,33.17,,,,50,50,0,6.67,50,-2.34,-2.34,27.36,123.86,1.03B,781.5,-3.16,3.97,0.05,-30.29,-37.21,0,down,-2.34% period return; PE -3.16; EPS -30.29; margin -37.21%
2026-07-18,ENGINEERING,BCL,Bolan Castings Limited,11,11,31.38,31.38,,,,37.5,20.83,25,36.67,50,-1.38,-1.38,81.17,28.53,826.02M,17.06K,-53.11,2.59,4.26,-1.36,-1.1,0,down,-1.38% period return; PE -53.11; EPS -1.36; margin -1.1%
2026-07-18,FERTILIZER,FFC,Fauji Fertilizer Company Limited,1,3,79.17,79.17,,,,75,66.67,100,100,50,0.12,0.12,24.1,29.87,794.28B,1.84M,9.23,2.91,0.14,59.83,16.49,6.98,flat,0.12% period return; PE 9.23; EPS 59.83; margin 16.49%
2026-07-18,FERTILIZER,FATIMA,Fatima Fertilizer Company Limited,2,3,47.5,47.5,,,,50,66.67,50,33.33,0,-2.67,-2.67,22.27,50.17,331.13B,1.55M,8.97,1.91,0.25,17.58,13.62,6.02,down,-2.67% period return; PE 8.97; EPS 17.58; margin 13.62%
2026-07-18,FERTILIZER,EFERT,Engro Fertilizers Limited,3,3,23.33,23.33,,,,25,16.67,0,16.67,100,-0.92,-0.92,36.98,2.79,256.67B,1.1M,11.14,6.01,-1.6,17.26,9.42,7.67,flat,-0.92% period return; PE 11.14; EPS 17.26; margin 9.42%
2026-07-18,FOOD & PERSONAL CARE PRODUCTS,COLG,Colgate-Palmolive (Pakistan) Limited,1,23,69.28,69.28,,,,67.91,51.19,90,56.06,80,-1.16,-1.16,8.38,17.57,299.71B,3.92K,16.86,8.21,0.37,73.22,14.79,4.74,down,-1.16% period return; PE 16.86; EPS 73.22; margin 14.79%
2026-07-18,FOOD & PERSONAL CARE PRODUCTS,UPFL,Unilever Pakistan Foods Limited,2,23,60.75,60.75,,,,62.5,18.25,96.67,39.39,93.33,-0.29,-0.29,46.54,11.82,160.71B,45.6,25.18,18.96,1.02,1001.9,14.74,5.78,flat,-0.29% period return; PE 25.18; EPS 1001.9; margin 14.74%
2026-07-18,FOOD & PERSONAL CARE PRODUCTS,NESTLE,Nestle Pakistan Limited,3,23,60.69,60.69,,,,67.1,22.22,80,50,100,-0.04,-0.04,38.17,8.82,345.44B,288.6,19.34,12.85,1.29,393.76,8.81,7.31,flat,-0.04% period return; PE 19.34; EPS 393.76; margin 8.81%
2026-07-18,FOOD & PERSONAL CARE PRODUCTS,PREMA,At-Tahur Limited,4,23,59.84,59.84,,,,44.91,77.78,63.33,57.58,53.33,-2.36,-2.36,78.98,36.96,6.89B,873.7K,11.52,1.13,0.25,2.73,9.01,0,down,-2.36% period return; PE 11.52; EPS 2.73; margin 9.01%
2026-07-18,FOOD & PERSONAL CARE PRODUCTS,BFAGRO,Barkat Frisian Agro Limited,5,23,59.13,59.13,,,,77.92,50,50,57.58,50,0.88,0.88,43.54,18.19,10.64B,405.07K,,,,,,,flat,0.88% period return
2026-07-18,FOOD & PERSONAL CARE PRODUCTS,UNITY,Unity Foods Limited,6,23,55.59,55.59,,,,34.42,97.62,30,80.3,53.33,-2.51,-2.51,213.95,34.62,12.07B,5.72M,6.32,0.65,0.11,1.6,2.34,0,down,-2.51% period return; PE 6.32; EPS 1.6; margin 2.34%
2026-07-18,FOOD & PERSONAL CARE PRODUCTS,MFFL,Mitchells Fruit Farms Limited,7,23,55.44,55.44,,,,74.19,50,50,31.82,50,-0.94,-0.94,36.73,24.12,3.97B,2.98K,,,,,,,flat,-0.94% period return
2026-07-18,FOOD & PERSONAL CARE PRODUCTS,BBFL,Big Bird Foods Limited,8,23,54.96,54.96,,,,60.98,50,50,66.67,50,-2.05,-2.05,33.4,26.44,12.85B,781.37K,,,,,,,down,-2.05% period return
2026-07-18,FOOD & PERSONAL CARE PRODUCTS,ISIL,Ismail Industries Limited,9,23,54.58,54.58,,,,65.64,36.51,60,40.91,66.67,-1.02,-1.02,22.36,12.29,128.53B,341,30.99,4.64,0.47,62.5,3.31,0.26,down,-1.02% period return; PE 30.99; EPS 62.5; margin 3.31%
2026-07-18,FOOD & PERSONAL CARE PRODUCTS,FCEPL,Frieslandcampina Engro Pakistan Limited,10,23,53.85,53.85,,,,66.77,35.32,50,51.52,73.33,-2.07,-2.07,15.35,60.21,78.43B,354.78K,22.69,4.17,0.66,4.51,3.23,3.42,down,-2.07% period return; PE 22.69; EPS 4.51; margin 3.23%
2026-07-18,FOOD & PERSONAL CARE PRODUCTS,QUICE,Quice Food Industries Limited,11,23,51.16,51.16,,,,50.32,50,50,60.61,50,-3.38,-3.38,34.29,356.72,3.38B,858.51K,,,,,,,down,-3.38% period return
2026-07-18,FOOD & PERSONAL CARE PRODUCTS,MFL,Matco Foods Limited,12,23,50.76,50.76,,,,27.16,92.46,36.67,50,53.33,-2.32,-2.32,103.25,7.88,5.16B,398.65K,10.2,0.48,0.21,4.13,1.98,0,down,-2.32% period return; PE 10.2; EPS 4.13; margin 1.98%
2026-07-18,FOOD & PERSONAL CARE PRODUCTS,RMPL,Rafhan Maize Products Company Limited,13,23,50.47,50.47,,,,18.51,40.48,90,36.36,86.67,-4.64,-4.64,46.67,8.81,85.43B,80,12.92,2.74,3.23,715.93,9.02,5.13,down,-4.64% period return; PE 12.92; EPS 715.93; margin 9.02%
2026-07-18,FOOD & PERSONAL CARE PRODUCTS,GDL,Ghani Dairies Limited,14,23,50.23,50.23,,,,47.24,50,50,60.61,50,-0.96,-0.96,77.8,3.23,7.97B,985.37K,,,,,,,flat,-0.96% period return
2026-07-18,FOOD & PERSONAL CARE PRODUCTS,BNL,Bunnys Limited,15,23,49.12,49.12,,,,28.57,69.05,43.33,71.21,53.33,-1.48,-1.48,2467.37,0.76,4.44B,2.23M,9.97,1.51,0.61,0.67,5.69,0,down,-1.48% period return; PE 9.97; EPS 0.67; margin 5.69%
2026-07-18,FOOD & PERSONAL CARE PRODUCTS,FFL,Fauji Foods Limited,16,23,47.96,47.96,,,,63.58,35.71,30,71.21,53.33,-1.13,-1.13,43.47,19.14,42.03B,2.64M,37.52,3.84,-0.11,0.44,3.79,0,down,-1.13% period return; PE 37.52; EPS 0.44; margin 3.79%
2026-07-18,FOOD & PERSONAL CARE PRODUCTS,TREET,Treet Corporation Limited,17,23,47.93,47.93,,,,47.19,64.68,20,72.73,53.33,-1.68,-1.68,62.28,16.62,8.46B,2.2M,17.61,1.04,0.49,1.29,1.81,0,down,-1.68% period return; PE 17.61; EPS 1.29; margin 1.81%
2026-07-18,FOOD & PERSONAL CARE PRODUCTS,WAHDAT,Wahdat Poultry Farm Limited,18,23,45.83,45.83,,,,37.12,50,50,46.97,50,-2.39,-2.39,24.1,5.66,5.88B,357.69K,,,,,,,down,-2.39% period return
2026-07-18,FOOD & PERSONAL CARE PRODUCTS,GIL,Good Luck Industries Ltd.,19,23,42.25,42.25,,,,62.5,33.33,36.67,0,60,,,-100,,0,0,115.63,0,-14.54,15.14,0.25,0.19,unknown,PE 115.63; EPS 15.14; margin 0.25%
2026-07-18,FOOD & PERSONAL CARE PRODUCTS,TOMCL,The Organic Meat Company Limited,20,23,40.55,40.55,,,,29.49,38.49,36.67,75.76,53.33,-4.43,-4.43,99.97,34.03,7.45B,2.23M,20.62,1.13,2.25,1.84,2.74,0,down,-4.43% period return; PE 20.62; EPS 1.84; margin 2.74%
2026-07-18,FOOD & PERSONAL CARE PRODUCTS,CLOV,Clover Pakistan Limited,21,23,40.31,40.31,,,,20.18,54.76,36.67,60.61,53.33,-3.33,-3.33,1075.6,14.42,2.94B,1.92M,12.34,4.03,-0.32,0.61,4.44,0,down,-3.33% period return; PE 12.34; EPS 0.61; margin 4.44%
2026-07-18,FOOD & PERSONAL CARE PRODUCTS,SCL,Shield Corporation Limited,22,23,38.94,38.94,,,,81.66,29.76,0,16.67,53.33,-0,-0,49.99,160.44,2.93B,434.4,-13.91,9.44,1.05,-53.91,-8.05,0,flat,-0% period return; PE -13.91; EPS -53.91; margin -8.05%
2026-07-18,FOOD & PERSONAL CARE PRODUCTS,ZIL,ZIL Limited,23,23,35.9,35.9,,,,14.12,50,50,16.67,50,-6.43,-6.43,108.54,15.41,2.12B,599.4,,,,,,,strong_down,-6.43% period return
2026-07-18,GLASS & CERAMICS,GHGL,Ghani Glass Limited,1,7,64.72,64.72,,,,70.83,69.44,50,61.11,75,-1.27,-1.27,34.63,39.7,38.8B,220.72K,6.25,0.96,0.25,6.21,13.11,5.15,down,-1.27% period return; PE 6.25; EPS 6.21; margin 13.11%
2026-07-18,GLASS & CERAMICS,FRCL,Frontier Ceramics Limited,2,7,62.78,62.78,,,,100,50,50,27.78,50,6.99,6.99,10.72,179.25,4.05B,4.04K,,,,,,,strong_up,6.99% period return
2026-07-18,GLASS & CERAMICS,TGL,Tariq Glass Industries Limited,3,7,59.79,59.79,,,,45.83,50,87.5,66.67,50,-2.61,-2.61,53.49,48.37,32.7B,231.68K,7.76,1.33,0.25,24.49,13.38,3.69,down,-2.61% period return; PE 7.76; EPS 24.49; margin 13.38%
2026-07-18,GLASS & CERAMICS,GVGL,Ghani Value Glass Limited,4,7,48.4,48.4,,,,20.83,27.78,87.5,33.33,100,-3.52,-3.52,40.19,22.57,8.02B,2.97K,8.05,1.59,,6.64,15.54,5.61,down,-3.52% period return; PE 8.05; EPS 6.64; margin 15.54%
2026-07-18,GLASS & CERAMICS,KCL,Karam Ceramics Limited,5,7,39.58,39.58,,,,20.83,50,50,33.33,50,-7.19,-7.19,38.42,22.91,2.06B,308.4,,,,,,,strong_down,-7.19% period return
2026-07-18,GLASS & CERAMICS,STCL,Shabbir Tiles & Ceramics Limited,6,7,38.75,38.75,,,,50,58.33,0,66.67,25,0.18,0.18,72.91,31.23,2.69B,303.64K,-2.78,1.54,0.14,-4.03,-8,0,flat,0.18% period return; PE -2.78; EPS -4.03; margin -8%
2026-07-18,GLASS & CERAMICS,GGGL,Ghani Global Glass Limited,7,7,35.69,35.69,,,,41.67,33.33,25,61.11,25,-1.45,-1.45,63.87,31.79,2.12B,665.24K,16.48,0.72,0.78,0.54,4.51,0,down,-1.45% period return; PE 16.48; EPS 0.54; margin 4.51%
2026-07-18,INSURANCE,PAKQATAR,Pak Qatar Family Takaful Limited,1,2,51.67,51.67,,,,50,50,50,66.67,50,-2.6,-2.6,35.05,42.85,5.02B,639.51K,,,,,,,down,-2.6% period return
2026-07-18,INSURANCE,PQGTL,Pak Qatar General Takaful Limited,2,2,48.33,48.33,,,,50,50,50,33.33,50,-1.77,-1.77,37.21,40.78,1.46B,187.18K,,,,,,,down,-1.77% period return
2026-07-18,INV. BANKS / INV. COS. / SECURITIES COS.,ENGROH,Engro Holdings Limited,1,1,50,50,,,,50,50,50,50,50,-2.14,-2.14,9.72,36.44,332.01B,3.06M,4.98,,0.32,53.18,10.18,0,down,-2.14% period return; PE 4.98; EPS 53.18; margin 10.18%
2026-07-18,LEATHER & TANNERIES,SRVI,Service Industries Limited,1,4,73.19,73.19,,,,83.33,66.67,75,77.78,50,-0.93,-0.93,19.89,81.88,96.57B,8.86K,6.25,3.69,0.09,223.93,6.65,0.85,flat,-0.93% period return; PE 6.25; EPS 223.93; margin 6.65%
2026-07-18,LEATHER & TANNERIES,SGF,Service GlobalFootwear Limited,2,4,68.75,68.75,,,,83.33,33.33,75,66.67,100,-0.21,-0.21,22.05,62.58,24B,282.12K,10.42,2.7,,11.16,12.03,1.72,flat,-0.21% period return; PE 10.42; EPS 11.16; margin 12.03%
2026-07-18,LEATHER & TANNERIES,LEUL,Leather Up Limited,3,4,39.44,39.44,,,,16.67,50,50,44.44,50,-7.09,-7.09,73.88,62.27,250.8M,22.54K,,,,,,,strong_down,-7.09% period return
2026-07-18,LEATHER & TANNERIES,BATA,Bata Pakistan Limited,4,4,18.61,18.61,,,,16.67,50,0,11.11,0,-1.51,-1.51,82.26,9.73,7.26B,932.2,-2.61,2.4,0.12,-368,-15.26,0,down,-1.51% period return; PE -2.61; EPS -368; margin -15.26%
2026-07-18,MISCELLANEOUS,SHFA,Shifa International Hospitals Limited,1,11,67.56,67.56,,,,47.78,55.56,100,76.67,66.67,-0.99,-0.99,16.16,24.89,33.48B,30.71K,12.9,2.02,0.26,41.05,8.72,0.94,flat,-0.99% period return; PE 12.9; EPS 41.05; margin 8.72%
2026-07-18,MISCELLANEOUS,ECOP,Ecopack Limited,2,11,61.72,61.72,,,,30,88.89,50,80,100,-1.42,-1.42,50.31,53.93,2.51B,82.09K,6.78,1.39,0.16,7.67,5.37,3.84,down,-1.42% period return; PE 6.78; EPS 7.67; margin 5.37%
2026-07-18,MISCELLANEOUS,OML,Olympia Mills Limited,3,11,61.67,61.67,,,,88.89,50,50,50,50,3.44,3.44,0.13,316.98,1.29B,85.56K,,,,,,,up,3.44% period return
2026-07-18,MISCELLANEOUS,GEMPACRA,The Pakistan Credit Rating Agency Ltd,4,11,57.75,57.75,,,,81.39,50,50,33.33,50,10.06,10.06,23.67,80.09,2.95B,1,,,,,,,strong_up,10.06% period return
2026-07-18,MISCELLANEOUS,UDPL,United Distributors Pakistan Limited,5,11,52.75,52.75,,,,56.94,50,50,56.67,50,0.86,0.86,38.47,73.11,4.3B,19.77K,,,,,,,flat,0.86% period return
2026-07-18,MISCELLANEOUS,GOC,GOC (Pak) Limited.,6,11,48.97,48.97,,,,89.17,22.22,33.33,50,33.33,5.04,5.04,2.18,160.55,1.47B,48.26K,48.41,2.05,1.71,4.14,6.12,0.5,strong_up,5.04% period return; PE 48.41; EPS 4.14; margin 6.12%
2026-07-18,MISCELLANEOUS,AKGL,Al-Khair Gadoon Limited,7,11,47.08,47.08,,,,52.5,50,50,13.33,50,,,37.64,,499.5M,328.5,,,,,,,unknown,
2026-07-18,MISCELLANEOUS,UDLI,UDL International Limited,8,11,46.67,46.67,,,,37.78,50,50,53.33,50,-2.24,-2.24,42.3,115.64,629.36M,58.27K,,,,,,,down,-2.24% period return
2026-07-18,MISCELLANEOUS,MWMP,Mandviwala Mauser Plastic Industries,9,11,42.83,42.83,,,,25,50,50,53.33,50,-2.36,-2.36,173.56,123.42,1.8B,36.01K,,,,,,,down,-2.36% period return
2026-07-18,MISCELLANEOUS,UBDL,United Brands Limited,10,11,35.75,35.75,,,,10.28,50,50,26.67,50,-4.83,-4.83,45.88,18.19,2.17B,6.98K,,,,,,,down,-4.83% period return
2026-07-18,MISCELLANEOUS,PSEL,Pakistan Services Limited,11,11,28.58,28.58,,,,30.28,33.33,16.67,70,0,0.48,0.48,80.08,13.63,29.53B,867.6,184.72,0.66,5.65,5.58,1.22,0,flat,0.48% period return; PE 184.72; EPS 5.58; margin 1.22%
2026-07-18,MODARABAS,FHAM,First Habib Modaraba,1,19,80.72,80.72,,,,70.83,100,87.5,75.93,50,1.03,1.03,18.62,39.82,3.69B,11.7K,4.42,0.6,0.11,7.53,17.05,6.76,up,1.03% period return; PE 4.42; EPS 7.53; margin 17.05%
2026-07-18,MODARABAS,OLPM,OLP Modaraba,2,19,69.42,69.42,,,,72.22,61.11,62.5,68.52,100,1.21,1.21,3.92,31.58,1.13B,11.92K,6.39,0.85,-1.79,3.44,9.88,13.32,up,1.21% period return; PE 6.39; EPS 3.44; margin 9.88%
2026-07-18,MODARABAS,FANM,First Al-Noor Modaraba,3,19,57.55,57.55,,,,76.39,50,50,46.3,50,1.59,1.59,40.83,80.94,177.64M,524.84K,,,,,,,up,1.59% period return
2026-07-18,MODARABAS,PIM,Popular Islamic Modaraba,4,19,56.62,56.62,,,,81.94,50,50,20.37,50,7.93,7.93,27.88,51.61,490M,2.84K,,,,,,,strong_up,7.93% period return
2026-07-18,MODARABAS,FTSM,First Tri-Star Modaraba,5,19,54.81,54.81,,,,66.67,50,50,48.15,50,-0.48,-0.48,70.91,189.5,705.79M,12.17K,,,,,,,flat,-0.48% period return
2026-07-18,MODARABAS,WASL,Wasl Mobility Modaraba,6,19,54.44,54.44,,,,55.56,50,50,77.78,50,-2.44,-2.44,2.5,38.98,962.7M,2.29M,,,,,,,down,-2.44% period return
2026-07-18,MODARABAS,FIBLM,First IBL Modaraba,7,19,52.59,52.59,,,,54.17,38.89,75,53.7,25,-1.41,-1.41,76.23,129.45,273.7M,586.47K,13.47,1.1,0.39,0.94,43.94,0,down,-1.41% period return; PE 13.47; EPS 0.94; margin 43.94%
2026-07-18,MODARABAS,GEMBCEM,Burj Clean Energy Modaraba(GEM),8,19,52.45,52.45,,,,62.5,50,50,37.04,50,0,0,20.83,24.48,1.2B,2.3K,,,,,,,flat,0% period return
2026-07-18,MODARABAS,TRSM,Trust Modaraba,9,19,47.41,47.41,,,,33.33,50,50,74.07,50,-3.07,-3.07,362.56,93.62,461.6M,842.36K,,,,,,,down,-3.07% period return
2026-07-18,MODARABAS,FEM,First Equity Modaraba,10,19,47.31,47.31,,,,36.11,50,50,64.81,50,-7.25,-7.25,59.03,152.95,583.66M,267.52K,,,,,,,strong_down,-7.25% period return
2026-07-18,MODARABAS,FECM,First Elite Capital Modaraba,11,19,47.18,47.18,,,,43.06,50,50,42.59,50,-0.79,-0.79,223.1,50.3,200.26M,11.32K,,,,,,,flat,-0.79% period return
2026-07-18,MODARABAS,FIMM,First Imrooz Modaraba,12,19,45.51,45.51,,,,43.06,50,50,25.93,50,0,0,98.84,15.35,600M,234.6,,,,,,,flat,0% period return
2026-07-18,MODARABAS,FFLM,First Fidelity Leasing Modaraba,13,19,45.46,45.46,,,,30.56,50,50,62.96,50,-7.4,-7.4,79.85,244.09,399.9M,640.38K,,,,,,,strong_down,-7.4% period return
2026-07-18,MODARABAS,BFMOD,B.F. Modaraba,14,19,45.23,45.23,,,,40.28,50,50,31.48,50,-3.96,-3.96,72.09,125.7,169.62M,64.82K,,,,,,,down,-3.96% period return
2026-07-18,MODARABAS,ORM,Orient Rental Mod,15,19,45,45,,,,33.33,50,50,50,50,-2.72,-2.72,62.07,12.61,777M,50.06K,,,,,,,down,-2.72% period return
2026-07-18,MODARABAS,SINDM,Sindh Modaraba,16,19,43.61,43.61,,,,30.56,50,50,44.44,50,-3.96,-3.96,80.84,90.08,1.03B,16.86K,,,,,,,down,-3.96% period return
2026-07-18,MODARABAS,FPRM,First Paramount Modaraba,17,19,43.47,43.47,,,,31.94,50,50,38.89,50,-6.91,-6.91,31.3,43.78,178.42M,56.84K,,,,,,,strong_down,-6.91% period return
2026-07-18,MODARABAS,FTMM,First Treet Manufacturing Modaraba,18,19,34.72,34.72,,,,43.06,16.67,25,38.89,75,-2.92,-2.92,45.88,46.14,3.18B,4.42K,26.19,1.14,-1.46,0.5,2.47,7.45,down,-2.92% period return; PE 26.19; EPS 0.5; margin 2.47%
2026-07-18,MODARABAS,FPJM,First Punjab Modaraba,19,19,30.74,30.74,,,,47.22,33.33,0,57.41,25,-6.44,-6.44,35.78,169.93,375.58M,2.74M,-3.43,-0.81,0.49,-3.22,-38.72,0,strong_down,-6.44% period return; PE -3.43; EPS -3.22; margin -38.72%
2026-07-18,OIL & GAS EXPLORATION COMPANIES,OGDC,Oil & Gas Development Company Limited,1,3,66.25,66.25,,,,75,33.33,75,66.67,100,-1.76,-1.76,10.71,43.87,1.37T,5.03M,8.79,0.97,0.78,36.17,39.85,5.03,down,-1.76% period return; PE 8.79; EPS 36.17; margin 39.85%
2026-07-18,OIL & GAS EXPLORATION COMPANIES,MARI,Mari Energies Limited,2,3,54.17,54.17,,,,62.5,33.33,75,33.33,50,-1.28,-1.28,21.74,19.92,784.02B,659.87K,11.43,2.75,0.49,57.11,37.45,4.59,down,-1.28% period return; PE 11.43; EPS 57.11; margin 37.45%
2026-07-18,OIL & GAS EXPLORATION COMPANIES,PPL,Pakistan Petroleum Limited,3,3,29.58,29.58,,,,12.5,83.33,0,50,0,-2.34,-2.34,29.52,36.37,597.91B,4.18M,7.58,0.8,,28.99,33.84,3.87,down,-2.34% period return; PE 7.58; EPS 28.99; margin 33.84%
2026-07-18,OIL & GAS MARKETING COMPANIES,PSO,Pakistan State Oil Company Limited,1,7,76.67,76.67,,,,41.67,100,83.33,83.33,100,-1.83,-1.83,45.77,8.6,163.21B,2.6M,3.75,0.56,0.03,92.73,1.35,2.88,down,-1.83% period return; PE 3.75; EPS 92.73; margin 1.35%
2026-07-18,OIL & GAS MARKETING COMPANIES,BPL,Burshane LPG (Pakistan) Limited,2,7,56.67,56.67,,,,83.33,50,50,16.67,50,1.47,1.47,48.03,173.36,1.23B,52.05K,,,,,,,up,1.47% period return
2026-07-18,OIL & GAS MARKETING COMPANIES,SNGP,Sui Northern Gas Pipelines Limited,3,7,55.69,55.69,,,,54.17,50,50,77.78,66.67,-2.28,-2.28,32.66,29.19,68.17B,3.37M,3.86,0.86,-0.85,22.94,1.17,2.57,down,-2.28% period return; PE 3.86; EPS 22.94; margin 1.17%
2026-07-18,OIL & GAS MARKETING COMPANIES,SPSL,Sitara Petroleum Service Limited,4,7,55,55,,,,66.67,50,50,50,50,-1.21,-1.21,30.42,0.45,30.2B,5.8M,,,,,,,down,-1.21% period return
2026-07-18,OIL & GAS MARKETING COMPANIES,WAFI,Wafi Energy Pakistan Limited,5,7,42.78,42.78,,,,33.33,50,50,27.78,50,-2.39,-2.39,41.09,11.68,39.44B,127.42K,,,,,,,down,-2.39% period return
2026-07-18,OIL & GAS MARKETING COMPANIES,HTL,Hi-Tech Lubricants Limited,6,7,35.69,35.69,,,,12.5,50,66.67,27.78,0,-2.39,-2.39,66.21,29.02,5.57B,654.07K,8.24,0.85,1.02,3.83,1.49,0,down,-2.39% period return; PE 8.24; EPS 3.83; margin 1.49%
2026-07-18,OIL & GAS MARKETING COMPANIES,SSGC,Sui Southern Gas Company Limited,7,7,27.5,27.5,,,,58.33,0,0,66.67,33.33,-1.3,-1.3,59.8,52.1,25.48B,7.79M,10.95,1.94,88,-2.87,-0.65,1.17,down,-1.3% period return; PE 10.95; EPS -2.87; margin -0.65%
2026-07-18,"PAPER, BOARD & PACKAGING",PPP,Pakistan Paper Products Limited,1,10,73.23,73.23,,,,55.56,79.17,93.75,33.33,100,0.36,0.36,105.93,48.88,1.08B,5.99K,5.77,0.6,0.3,17.67,7.84,2.98,flat,0.36% period return; PE 5.77; EPS 17.67; margin 7.84%
2026-07-18,"PAPER, BOARD & PACKAGING",IPAK,International Packaging Films Limited,2,10,62.55,62.55,,,,63.89,43.33,75,62.96,75,-1.92,-1.92,6.44,69.84,26.25B,436.15K,6.57,2.05,,3.81,7.22,2.61,down,-1.92% period return; PE 6.57; EPS 3.81; margin 7.22%
2026-07-18,"PAPER, BOARD & PACKAGING",CPPL,Cherat Packaging Limited,3,10,59.63,59.63,,,,66.67,48.33,50,62.96,87.5,-1.17,-1.17,17.91,65.13,5.25B,361.95K,71.35,0.61,-5.33,1.5,0.52,2.8,down,-1.17% period return; PE 71.35; EPS 1.5; margin 0.52%
2026-07-18,"PAPER, BOARD & PACKAGING",MACFL,MACPAC Films Limited,4,10,56.62,56.62,,,,86.11,17.5,62.5,70.37,37.5,0.37,0.37,29.38,244.42,3.99B,1.56M,31.54,1.71,7.31,2.13,1.96,0.74,flat,0.37% period return; PE 31.54; EPS 2.13; margin 1.96%
2026-07-18,"PAPER, BOARD & PACKAGING",SPEL,SPEL Limited,5,10,55.61,55.61,,,,22.22,53.33,93.75,59.26,62.5,-2.4,-2.4,71,48.37,9.75B,1.16M,7.67,1.45,0.18,6.37,13,2.46,down,-2.4% period return; PE 7.67; EPS 6.37; margin 13%
2026-07-18,"PAPER, BOARD & PACKAGING",GEMPAPL,Pak Agro Packaging Limited(GEM),6,10,47.5,47.5,,,,47.22,50,50,33.33,50,0,0,61.7,30.56,235M,1.77K,,,,,,,flat,0% period return
2026-07-18,"PAPER, BOARD & PACKAGING",PKGS,Packages Limited,7,10,46.9,46.9,,,,75,45.83,12.5,48.15,50,0.75,0.75,7.42,30.48,71.14B,6.65K,-84.4,1.08,-3.57,-9.43,-0.43,2.09,flat,0.75% period return; PE -84.4; EPS -9.43; margin -0.43%
2026-07-18,"PAPER, BOARD & PACKAGING",MERIT,Merit Packaging Limited,8,10,40.09,40.09,,,,47.22,70.83,12.5,25.93,25,-1.71,-1.71,50.2,37.75,1.96B,182.39K,-5.59,0.83,0.01,-1.75,-10.52,0,down,-1.71% period return; PE -5.59; EPS -1.75; margin -10.52%
2026-07-18,"PAPER, BOARD & PACKAGING",RPL,Roshan Packages Limited,9,10,35.76,35.76,,,,19.44,50,37.5,55.56,25,-3.45,-3.45,51.82,37.5,2.34B,840.28K,130.95,0.27,-36.4,0.13,0.16,0,down,-3.45% period return; PE 130.95; EPS 0.13; margin 0.16%
2026-07-18,"PAPER, BOARD & PACKAGING",CEPB,Century Paper & Board Mills Limited,10,10,27.34,27.34,,,,16.67,41.67,12.5,62.96,25,-2.35,-2.35,62.94,16.55,11.51B,580.48K,-15.33,0.88,1.03,-1.87,-1.96,0,down,-2.35% period return; PE -15.33; EPS -1.87; margin -1.96%
2026-07-18,PHARMACEUTICALS,GLAXO,GlaxoSmithKline Pakistan Limited,1,14,76.39,76.39,,,,65.38,84.85,81.82,69.23,81.82,-0.35,-0.35,28.56,22.06,113.93B,313.16K,9.54,3.14,0.18,33,15.6,4.36,flat,-0.35% period return; PE 9.54; EPS 33; margin 15.6%
2026-07-18,PHARMACEUTICALS,HPL,Hoechst Pakistan Limited,2,14,66.52,66.52,,,,75,50.61,77.27,20.51,100,-0.38,-0.38,21.36,37.73,38.86B,111,13.07,4.36,0.28,317.04,9.84,5.96,flat,-0.38% period return; PE 13.07; EPS 317.04; margin 9.84%
2026-07-18,PHARMACEUTICALS,HINOON,Highnoon Laboratories Limited,3,14,66.4,66.4,,,,61.54,50,81.82,58.97,90.91,-0.56,-0.56,26.62,29.72,51.93B,26.67K,12.96,3.51,0.3,75.63,14.32,5.1,flat,-0.56% period return; PE 12.96; EPS 75.63; margin 14.32%
2026-07-18,PHARMACEUTICALS,HALEON,Haleon Pakistan Limited,4,14,62.33,62.33,,,,59.62,57.27,81.82,51.28,45.45,-0.32,-0.32,32.97,15.96,88.91B,45.12K,12.32,6.1,0.19,55.96,15.35,3.6,flat,-0.32% period return; PE 12.32; EPS 55.96; margin 15.35%
2026-07-18,PHARMACEUTICALS,ABOT,Abbott Laboratories (Pakistan) Limited,5,14,55.69,55.69,,,,25,64.85,77.27,53.85,72.73,-1.94,-1.94,37.1,15.85,93.11B,30.9K,11.21,2.76,0.63,84.85,10.97,4.21,down,-1.94% period return; PE 11.21; EPS 84.85; margin 10.97%
2026-07-18,PHARMACEUTICALS,CPHL,Citi Pharma Ltd.,6,14,52.06,52.06,,,,53.85,59.09,27.27,79.49,63.64,-0.25,-0.25,39.35,8.03,17.09B,784.26K,15.19,1.56,,4.8,7.92,4.17,flat,-0.25% period return; PE 15.19; EPS 4.8; margin 7.92%
2026-07-18,PHARMACEUTICALS,FEROZ,Ferozsons Laboratories Limited,7,14,51.84,51.84,,,,86.54,52.42,22.73,43.59,27.27,-0.13,-0.13,22.9,31.9,16.8B,11.57K,15.23,1.3,0.79,21.66,4.15,1.03,flat,-0.13% period return; PE 15.23; EPS 21.66; margin 4.15%
2026-07-18,PHARMACEUTICALS,AGP,AGP Limited,8,14,50.16,50.16,,,,38.46,53.94,50,71.79,54.55,-1.45,-1.45,32.06,20.17,54.84B,294.86K,14.61,3.36,0.26,13.41,13.14,4.08,down,-1.45% period return; PE 14.61; EPS 13.41; margin 13.14%
2026-07-18,PHARMACEUTICALS,LIVEN,Liven Pharma Limited,9,14,43.91,43.91,,,,40.38,50,50,17.95,50,-0.92,-0.92,117.74,31.74,4.14B,36.03K,,,,,,,flat,-0.92% period return
2026-07-18,PHARMACEUTICALS,MACTER,Macter International Limited,10,14,43.56,43.56,,,,57.69,41.21,31.82,43.59,36.36,1.78,1.78,56.91,10.8,12.95B,19.78K,15.88,3.21,0.29,17.8,6.82,1.34,up,1.78% period return; PE 15.88; EPS 17.8; margin 6.82%
2026-07-18,PHARMACEUTICALS,BFBIO,BF Biosciences Limited,11,14,42.95,42.95,,,,26.92,50,50,48.72,50,-1.1,-1.1,44.21,6.23,11.64B,117.88K,,,,,,,down,-1.1% period return
2026-07-18,PHARMACEUTICALS,OTSU,Otsuka Pakistan Limited,12,14,40.01,40.01,,,,53.85,27.88,50,25.64,18.18,-2.07,-2.07,11.56,57.49,4.86B,26.02K,13.95,4.52,1.82,28.78,8.39,0,down,-2.07% period return; PE 13.95; EPS 28.78; margin 8.39%
2026-07-18,PHARMACEUTICALS,SEARL,The Searle Company Limited,13,14,29.11,29.11,,,,30.77,27.27,9.09,89.74,18.18,-1.38,-1.38,50.17,19.84,53.83B,1.98M,44.95,1.57,185.25,2.04,6.01,0,down,-1.38% period return; PE 44.95; EPS 2.04; margin 6.01%
2026-07-18,PHARMACEUTICALS,IBLHL,IBL HealthCare Limited,14,14,23.6,23.6,,,,25,30.61,9.09,43.59,18.18,-5.29,-5.29,66.41,43.25,5.08B,159.24K,21.14,2.04,5.55,2.44,5.36,0,strong_down,-5.29% period return; PE 21.14; EPS 2.44; margin 5.36%
2026-07-18,POWER GENERATION & DISTRIBUTION,HUBC,The Hub Power Company Limited,1,7,75.56,75.56,,,,75,50,100,88.89,66.67,-1.31,-1.31,14.62,51.47,282.92B,3.43M,6.29,1.25,-5,34.65,63.41,11.46,down,-1.31% period return; PE 6.29; EPS 34.65; margin 63.41%
2026-07-18,POWER GENERATION & DISTRIBUTION,KOHE,Kohinoor Energy Limited,2,7,62.92,62.92,,,,62.5,83.33,66.67,33.33,33.33,-0.26,-0.26,50.96,26.2,2.64B,94.05K,3.95,0.58,-0.38,3.94,15.83,0,flat,-0.26% period return; PE 3.95; EPS 3.94; margin 15.83%
2026-07-18,POWER GENERATION & DISTRIBUTION,SGPL,S.G. Power Limited,3,7,51.11,51.11,,,,50,50,50,61.11,50,-5.25,-5.25,32.26,1255.42,1.74B,2.24M,,,,,,,strong_down,-5.25% period return
2026-07-18,POWER GENERATION & DISTRIBUTION,EPQL,Engro Powergen Qadirpur Limited,4,7,49.86,49.86,,,,54.17,38.89,33.33,55.56,100,-0.35,-0.35,36.59,14.84,8.29B,327.09K,13.75,0.73,-4.92,1.86,5.05,45.88,flat,-0.35% period return; PE 13.75; EPS 1.86; margin 5.05%
2026-07-18,POWER GENERATION & DISTRIBUTION,SEL,Sitara Energy Limited,5,7,45.28,45.28,,,,41.67,50,50,27.78,50,-2.68,-2.68,51.01,184.35,576.01M,18.02K,,,,,,,down,-2.68% period return
2026-07-18,POWER GENERATION & DISTRIBUTION,GEMMEL,Mughal Energy Limited(GEM),6,7,34.72,34.72,,,,8.33,50,50,22.22,50,-9.08,-9.08,57.7,29.48,4.8B,127.25,,,,,,,strong_down,-9.08% period return
2026-07-18,POWER GENERATION & DISTRIBUTION,KEL,K-Electric Limited,7,7,34.44,34.44,,,,58.33,27.78,0,66.67,33.33,-2.13,-2.13,30.34,49.69,202.97B,31.55M,10.6,1.76,,0.42,2.19,0,down,-2.13% period return; PE 10.6; EPS 0.42; margin 2.19%
2026-07-18,PROPERTY,BRRG,B.R.R Guardian Limited,1,2,55.83,55.83,,,,75,50,50,33.33,50,0,0,12.02,74.42,4.56B,15.16K,,,,,,,flat,0% period return
2026-07-18,PROPERTY,JVDC,Javedan Corporation Limited,2,2,47.5,47.5,,,,25,50,50,100,50,-0.29,-0.29,13.28,122.07,55.1B,955.94K,9.51,1.99,-0.01,10.67,38.34,7.77,flat,-0.29% period return; PE 9.51; EPS 10.67; margin 38.34%
2026-07-18,REAL ESTATE INVESTMENT TRUST,DCR,Dolmen City REIT,1,4,65.56,65.56,,,,100,50,50,55.56,50,-0.1,-0.1,8.8,37.71,85.43B,522.82K,16.63,1.12,,2.31,78.71,6.64,flat,-0.1% period return; PE 16.63; EPS 2.31; margin 78.71%
2026-07-18,REAL ESTATE INVESTMENT TRUST,SRR,Signature Residency Reit,2,4,47.22,47.22,,,,50,50,50,22.22,50,-0.25,-0.25,29.15,6.55,536.58M,56.85K,,,,,,,flat,-0.25% period return
2026-07-18,REAL ESTATE INVESTMENT TRUST,TPLRF1,TPL REIT Fund I,3,4,43.89,43.89,,,,16.67,50,50,88.89,50,-1.08,-1.08,82.26,34.53,18.52B,15.58M,,,,,,,down,-1.08% period return
2026-07-18,REAL ESTATE INVESTMENT TRUST,IREIT,Image Reit,4,4,43.33,43.33,,,,33.33,50,50,33.33,50,-0.25,-0.25,61.51,11.29,2.23B,522.35K,,,,,,,flat,-0.25% period return
2026-07-18,REFINERY,PRL,Pakistan Refinery Limited,1,4,61.94,61.94,,,,100,50,33.33,44.44,66.67,6.67,6.67,2.49,92.2,28.09B,21.18M,1.48,0.73,0.01,19.07,3.89,0,strong_up,6.67% period return; PE 1.48; EPS 19.07; margin 3.89%
2026-07-18,REFINERY,ATRL,Attock Refinery Limited,2,4,51.11,51.11,,,,8.33,27.78,100,66.67,100,0.35,0.35,11.65,50.75,95.97B,701.08K,4.99,0.56,-0.01,180.56,6.62,0.83,flat,0.35% period return; PE 4.99; EPS 180.56; margin 6.62%
2026-07-18,REFINERY,CNERGY,Cnergyico PK  Limited,3,4,46.94,46.94,,,,41.67,55.56,33.33,55.56,66.67,1.98,1.98,4.79,67.12,53.89B,77.76M,2.35,0.24,0.06,2.78,4.49,0,up,1.98% period return; PE 2.35; EPS 2.78; margin 4.49%
2026-07-18,REFINERY,NRL,National Refinery Limited,4,4,45.83,45.83,,,,50,50,33.33,33.33,66.67,2.87,2.87,20.4,77.04,31.71B,2.4M,2.68,0.53,0.01,108.68,2.33,0,up,2.87% period return; PE 2.68; EPS 108.68; margin 2.33%
2026-07-18,SUGAR & ALLIED INDUSTRIES,BAFS,Baba Farid Sugar Mills Limited,1,18,73.98,73.98,,,,95.59,53.94,91.18,37.25,52.94,9.86,9.86,13.37,554,3.96B,3.58K,6.87,1.93,0.04,60.89,8.1,0.48,strong_up,9.86% period return; PE 6.87; EPS 60.89; margin 8.1%
2026-07-18,SUGAR & ALLIED INDUSTRIES,JDWS,JDW Sugar Mills Limited,2,18,70.09,70.09,,,,67.65,54.69,91.18,45.1,88.24,-0.32,-0.32,7.78,22.04,55B,182.4,5.51,1.41,0.13,172.77,7.74,5.25,flat,-0.32% period return; PE 5.51; EPS 172.77; margin 7.74%
2026-07-18,SUGAR & ALLIED INDUSTRIES,FRSM,Faran Sugar Mills Limited,3,18,65.23,65.23,,,,63.24,77.59,70.59,45.1,47.06,0,0,29.55,43.19,1.94B,4.92K,2.83,0.88,0.03,17.31,5.93,0,flat,0% period return; PE 2.83; EPS 17.31; margin 5.93%
2026-07-18,SUGAR & ALLIED INDUSTRIES,MRNS,Mehran Sugar Mills Limited,4,18,63.28,63.28,,,,30.88,59.38,85.29,78.43,100,-2.3,-2.3,48.28,21.18,4.75B,39.21K,2.61,1.02,,22.15,14.35,11.22,down,-2.3% period return; PE 2.61; EPS 22.15; margin 14.35%
2026-07-18,SUGAR & ALLIED INDUSTRIES,SANSM,Sanghar Sugar Mills Limited,5,18,62.74,62.74,,,,75,68.39,58.82,37.25,47.06,-0.34,-0.34,22.53,196.56,1.45B,128.8,7.9,0.45,0.08,15.39,3.07,0,flat,-0.34% period return; PE 7.9; EPS 15.39; margin 3.07%
2026-07-18,SUGAR & ALLIED INDUSTRIES,NONS,Noon Sugar Mills Limited,6,18,62.47,62.47,,,,44.12,73.2,73.53,49.02,76.47,-0.69,-0.69,52.84,46.8,1.7B,28.8K,1.93,0.81,0.18,39.15,4.55,4.44,flat,-0.69% period return; PE 1.93; EPS 39.15; margin 4.55%
2026-07-18,SUGAR & ALLIED INDUSTRIES,ALNRS,Al-Noor Sugar Mills Limited,7,18,60.44,60.44,,,,83.82,44.91,50,45.1,70.59,0.24,0.24,6.52,64.85,2.77B,2.17K,9.74,0.38,3.92,13.88,1.67,2.96,flat,0.24% period return; PE 9.74; EPS 13.88; margin 1.67%
2026-07-18,SUGAR & ALLIED INDUSTRIES,TICL,The Thal Industries Corporation Limited,8,18,57.82,57.82,,,,41.18,50.7,91.18,35.29,64.71,-5.45,-5.45,29.41,163.82,14.74B,804.8,3.36,1.2,0.31,182.06,7.68,1.73,strong_down,-5.45% period return; PE 3.36; EPS 182.06; margin 7.68%
2026-07-18,SUGAR & ALLIED INDUSTRIES,SHSML,Shahmurad Sugar Mills Limited,9,18,56.4,56.4,,,,38.24,45,73.53,70.59,82.35,-1.28,-1.28,42.6,18.1,8.13B,9.93K,9.32,0.63,0.86,41.33,4.41,5.19,down,-1.28% period return; PE 9.32; EPS 41.33; margin 4.41%
2026-07-18,SUGAR & ALLIED INDUSTRIES,TCORP,Tariq Corporation Limited,10,18,49.29,49.29,,,,67.65,49.3,23.53,60.78,47.06,2.97,2.97,39.23,46.54,1.52B,49.53K,26.85,0.4,-1.46,0.85,0.7,0,up,2.97% period return; PE 26.85; EPS 0.85; margin 0.7%
2026-07-18,SUGAR & ALLIED INDUSTRIES,ADAMS,Adam Sugar Mills Limited,11,18,48.73,48.73,,,,27.94,64.71,44.12,37.25,94.12,-3.57,-3.57,35.79,17.03,1.16B,12.85K,8.51,0.23,-6.16,9.29,1.54,5.97,down,-3.57% period return; PE 8.51; EPS 9.29; margin 1.54%
2026-07-18,SUGAR & ALLIED INDUSTRIES,JSML,Jauharabad Sugar Mills Limited,12,18,45.9,45.9,,,,29.41,54.79,44.12,76.47,47.06,-2.42,-2.42,134.72,54.74,2.14B,92.5K,10.66,0.23,0.34,5.89,1.94,0,down,-2.42% period return; PE 10.66; EPS 5.89; margin 1.94%
2026-07-18,SUGAR & ALLIED INDUSTRIES,CHAS,Chashma Sugar Mills Limited,13,18,44.17,44.17,,,,57.35,62.75,5.88,50.98,47.06,-0.35,-0.35,47.73,93.97,3.12B,21.96K,-1.89,0.3,-0.16,-57.51,-5.08,0,flat,-0.35% period return; PE -1.89; EPS -57.51; margin -5.08%
2026-07-18,SUGAR & ALLIED INDUSTRIES,SASML,Sindh Abadgars Sugar Mills Limited,14,18,38.08,38.08,,,,45.59,17.02,38.24,47.06,58.82,-8.48,-8.48,17.66,462.78,4.16B,469.8,65.56,1.55,2.43,6.09,1.12,0.5,strong_down,-8.48% period return; PE 65.56; EPS 6.09; margin 1.12%
2026-07-18,SUGAR & ALLIED INDUSTRIES,PMRS,The Premier Sugar Mills,15,18,35.69,35.69,,,,44.12,54.9,5.88,25.49,47.06,-2.25,-2.25,57.6,103.78,1.99B,1.96K,-1.77,0.45,-0.12,-300.03,-3.27,0,down,-2.25% period return; PE -1.77; EPS -300.03; margin -3.27%
2026-07-18,SUGAR & ALLIED INDUSTRIES,MIRKS,Mirpurkhas Sugar Mills Limited,16,18,32.11,32.11,,,,39.71,13.73,17.65,76.47,47.06,-5.03,-5.03,25.28,59.43,2.36B,67.09K,887.59,0.98,19.69,0.03,0.01,0,strong_down,-5.03% period return; PE 887.59; EPS 0.03; margin 0.01%
2026-07-18,SUGAR & ALLIED INDUSTRIES,KPUS,Khairpur Sugar Mills Limited,17,18,28.1,28.1,,,,30.88,5.16,29.41,54.9,47.06,-9.15,-9.15,52.29,1525.81,29.98B,13.87K,340.27,7.55,11.01,5.5,1.09,0,strong_down,-9.15% period return; PE 340.27; EPS 5.5; margin 1.09%
2026-07-18,SUGAR & ALLIED INDUSTRIES,HRPL,Habib Rice Product Limited.,18,18,27.85,27.85,,,,17.65,45.92,5.88,49.02,47.06,-4.07,-4.07,84.54,21.44,802M,74.67K,-6.5,1.08,0.29,-3.09,-5.61,0,down,-4.07% period return; PE -6.5; EPS -3.09; margin -5.61%
2026-07-18,SYNTHETIC & RAYON,NSRM,The National Silk & Rayon Mills Limited,1,5,80,80,,,,87.5,58.33,100,41.67,100,0,0,0,224.02,4.23B,9.11K,19.44,2.64,0.23,6.79,4.51,0,flat,0% period return; PE 19.44; EPS 6.79; margin 4.51%
2026-07-18,SYNTHETIC & RAYON,PSYL,Pakistan Synthetics Limited,2,5,62.5,62.5,,,,87.5,0,75,75,100,1.16,1.16,2.08,196.17,21.47B,13.15K,45.74,4.27,1.19,3.38,3.07,0,up,1.16% period return; PE 45.74; EPS 3.38; margin 3.07%
2026-07-18,SYNTHETIC & RAYON,IBFL,Ibrahim Fibres Limited,3,5,51.25,51.25,,,,37.5,50,50,50,100,-2.29,-2.29,32.89,69.35,92.84B,2.17K,-200.28,1.62,-18.18,-1.49,-0.44,0,down,-2.29% period return; PE -200.28; EPS -1.49; margin -0.44%
2026-07-18,SYNTHETIC & RAYON,GATI,Gatron (Industries) Limited,4,5,46.88,46.88,,,,31.25,58.33,25,66.67,100,-0.32,-0.32,97.17,35.57,9.22B,11.72K,-7.95,0.78,-5.56,-10.67,-4.01,0,flat,-0.32% period return; PE -7.95; EPS -10.67; margin -4.01%
2026-07-18,SYNTHETIC & RAYON,RUPL,Rupali Polyester Limited,5,5,36.88,36.88,,,,6.25,83.33,0,41.67,100,-2.4,-2.4,38.3,33.88,1.05B,4.38K,-1.48,0.19,0.03,-20.94,-21.91,0,down,-2.4% period return; PE -1.48; EPS -20.94; margin -21.91%
2026-07-18,TECHNOLOGY & COMMUNICATION,NETSOL,NetSol Technologies Limited,1,13,75.83,75.83,,,,70.83,91.67,100,41.67,25,-1.82,-1.82,35.96,38.1,10.88B,347.8K,3.75,0.86,0.09,32.29,21.96,0,down,-1.82% period return; PE 3.75; EPS 32.29; margin 21.96%
2026-07-18,TECHNOLOGY & COMMUNICATION,ITANZ,Itanz Technologies Limited,2,13,59.24,59.24,,,,77.08,50,50,61.11,50,2.6,2.6,2.16,3.1,4.59B,2.13M,,,,,,,up,2.6% period return
2026-07-18,TECHNOLOGY & COMMUNICATION,QTECH,Quantum Data Technologies Limited,3,13,56.25,56.25,,,,70.83,50,50,50,50,-2.76,-2.76,16.3,115.15,6.04B,3.06M,,,,,,,down,-2.76% period return
2026-07-18,TECHNOLOGY & COMMUNICATION,AIRLINK,Air Link Communication Limited,4,13,55.21,55.21,,,,37.5,50,62.5,58.33,100,-2.9,-2.9,42.62,18.25,55.15B,867.48K,9.95,3.01,,14.02,6.35,6.45,down,-2.9% period return; PE 9.95; EPS 14.02; margin 6.35%
2026-07-18,TECHNOLOGY & COMMUNICATION,PAKD,Pak Datacom Limited,5,13,52.85,52.85,,,,68.75,50,50,22.22,50,-0.45,-0.45,99.32,48.72,1.5B,6.41K,,,,,,,flat,-0.45% period return
2026-07-18,TECHNOLOGY & COMMUNICATION,ZAL,Zarea Limited,6,13,51.74,51.74,,,,60.42,50,50,36.11,50,-1.95,-1.95,97.76,73.95,10.55B,741.1K,,,,,,,down,-1.95% period return
2026-07-18,TECHNOLOGY & COMMUNICATION,SYM,Symmetry Group Limited,7,13,50.56,50.56,,,,50,50,50,55.56,50,-2.36,-2.36,52.28,24.2,3.19B,1.86M,,,,,,,down,-2.36% period return
2026-07-18,TECHNOLOGY & COMMUNICATION,SYS,Systems Limited,8,13,50.56,50.56,,,,52.08,25,62.5,80.56,50,-2.84,-2.84,27.2,29.37,202.02B,1.4M,17.43,3.27,0.23,7.86,13.4,1.46,down,-2.84% period return; PE 17.43; EPS 7.86; margin 13.4%
2026-07-18,TECHNOLOGY & COMMUNICATION,SELECT,Select Technologies Limited,9,13,46.46,46.46,,,,35.42,50,50,58.33,50,-3.29,-3.29,12.07,4.83,26.65B,4.02M,,,,,,,down,-3.29% period return
2026-07-18,TECHNOLOGY & COMMUNICATION,AVN,Avanceon Limited,10,13,45.21,45.21,,,,60.42,33.33,25,50,75,-0.93,-0.93,63.95,24.98,14.23B,378.36K,32.46,0.95,-12.03,1.02,2.52,3.02,flat,-0.93% period return; PE 32.46; EPS 1.02; margin 2.52%
2026-07-18,TECHNOLOGY & COMMUNICATION,OCTOPUS,Octopus Digital Limited,11,13,43.06,43.06,,,,33.33,50,50,30.56,50,-3.25,-3.25,91.12,30.84,5.01B,148.64K,,,,,,,down,-3.25% period return
2026-07-18,TECHNOLOGY & COMMUNICATION,STL,Supernet Technologies Limited,12,13,34.72,34.72,,,,0,50,50,47.22,50,-5.83,-5.83,5298.67,1.32,4.45B,1.75M,,,,,,,strong_down,-5.83% period return
2026-07-18,TECHNOLOGY & COMMUNICATION,TELE,Telecard Limited,13,13,31.94,31.94,,,,33.33,50,0,69.44,25,-3.52,-3.52,60.84,40.84,2.97B,7.67M,17.25,0.67,0.72,0.51,1.67,0,down,-3.52% period return; PE 17.25; EPS 0.51; margin 1.67%
2026-07-18,TEXTILE COMPOSITE,SAPT,Sapphire Textile Mills Limited,1,25,75.98,75.98,,,,78.12,71.68,93.75,43.06,68.75,2.82,2.82,8.09,27.65,32.23B,53.4,3.84,0.4,0.25,387.04,5.77,0.67,up,2.82% period return; PE 3.84; EPS 387.04; margin 5.77%
2026-07-18,TEXTILE COMPOSITE,SURC,Suraj Cotton Mills Limited,2,25,65.8,65.8,,,,56.25,57.94,75,56.94,100,-2.14,-2.14,11.3,55.68,6.69B,3.96K,4.7,0.46,0.81,29.17,5.06,3.65,down,-2.14% period return; PE 4.7; EPS 29.17; margin 5.06%
2026-07-18,TEXTILE COMPOSITE,NML,Nishat Mills Limited,3,25,64.41,64.41,,,,29.17,68.56,84.38,93.06,81.25,-2.85,-2.85,44.29,20.36,50.78B,1.95M,3.61,0.3,1.54,33.41,5.75,1.59,down,-2.85% period return; PE 3.61; EPS 33.41; margin 5.75%
2026-07-18,TEXTILE COMPOSITE,MEHT,Mehmood Textile Mills Limited,4,25,63.36,63.36,,,,38.54,81.41,71.88,72.22,62.5,-0.23,-0.23,98.93,2.92,5.87B,24.61K,5.65,0.31,0.12,39.74,1.87,0,flat,-0.23% period return; PE 5.65; EPS 39.74; margin 1.87%
2026-07-18,TEXTILE COMPOSITE,ILP,Interloop Limited,5,25,60.96,60.96,,,,46.88,37.53,78.12,86.11,93.75,-2.93,-2.93,10.36,49.45,140.35B,1.16M,12.07,2.3,0.2,8.3,6.45,3,down,-2.93% period return; PE 12.07; EPS 8.3; margin 6.45%
2026-07-18,TEXTILE COMPOSITE,GFIL,Ghazi Fabrics International Limited,6,25,57.5,57.5,,,,79.17,50,50,37.5,50,-0.77,-0.77,14.18,177.57,1.01B,10.69K,,,,,,,flat,-0.77% period return
2026-07-18,TEXTILE COMPOSITE,KHYT,Khyber Textile Mills Limited,7,25,56.49,56.49,,,,82.29,50,50,18.06,50,1.83,1.83,22.26,94.46,2.7B,387.6,,,,,,,up,1.83% period return
2026-07-18,TEXTILE COMPOSITE,KTML,Kohinoor Textile Mills Limited,8,25,55.67,55.67,,,,16.67,60.11,78.12,86.11,75,-3.23,-3.23,551.57,26.45,63.03B,1.33M,5.11,0.78,0.19,7.94,8.01,0.85,down,-3.23% period return; PE 5.11; EPS 7.94; margin 8.01%
2026-07-18,TEXTILE COMPOSITE,REWM,Reliance Weaving Mills Limited,9,25,55.1,55.1,,,,65.62,50,50,54.17,50,0.96,0.96,46.4,73.61,5.14B,1.04K,,,,,,,flat,0.96% period return
2026-07-18,TEXTILE COMPOSITE,ANL,Azgard Nine Limited,10,25,54.56,54.56,,,,47.92,62.56,43.75,73.61,62.5,-1.38,-1.38,36.59,25.22,4.87B,371.94K,6.26,0.32,0.39,1.6,1.96,0,down,-1.38% period return; PE 6.26; EPS 1.6; margin 1.96%
2026-07-18,TEXTILE COMPOSITE,HAFL,Hafiz Limited,11,25,54.24,54.24,,,,77.08,50,50,11.11,50,1.01,1.01,25.93,76.28,599.87M,113.6,,,,,,,up,1.01% period return
2026-07-18,TEXTILE COMPOSITE,REDCO,Redco Textiles Limited,12,25,51.98,51.98,,,,63.54,50,50,29.17,50,-1.41,-1.41,28.05,111.74,1.56B,6.79K,,,,,,,down,-1.41% period return
2026-07-18,TEXTILE COMPOSITE,AHTM,Ahmad Hassan Textile Mills Limited,13,25,50.34,50.34,,,,27.08,55.45,65.62,31.94,87.5,-4.09,-4.09,47.26,51.83,771.76M,637.6,7.2,0.32,-2.47,12.65,2.07,1.65,down,-4.09% period return; PE 7.2; EPS 12.65; margin 2.07%
2026-07-18,TEXTILE COMPOSITE,CRTM,The Crescent Textile Mills Limited,14,25,50.24,50.24,,,,65.62,34.29,31.25,79.17,62.5,-2.72,-2.72,20.62,381.93,8B,26.52K,31.57,0.63,-8.38,1.31,0.69,0,down,-2.72% period return; PE 31.57; EPS 1.31; margin 0.69%
2026-07-18,TEXTILE COMPOSITE,STML,Shams Textile Mills Limited,15,25,46.66,46.66,,,,76.04,45.27,6.25,47.22,62.5,-1.39,-1.39,8.51,155.13,502.59M,18.39K,-8.32,0.66,0.62,-6.99,-1.76,0,down,-1.39% period return; PE -8.32; EPS -6.99; margin -1.76%
2026-07-18,TEXTILE COMPOSITE,TOWL,Towellers Limited,16,25,45.49,45.49,,,,35.42,50,50,48.61,50,-1.78,-1.78,58.77,33.43,2.1B,8.08K,,,,,,,down,-1.78% period return
2026-07-18,TEXTILE COMPOSITE,ANTM,AN Textile Mills Limited,17,25,44.83,44.83,,,,36.46,50,50,38.89,50,-10.92,-10.92,26.29,152.57,507.73M,16.99K,,,,,,,strong_down,-10.92% period return
2026-07-18,TEXTILE COMPOSITE,GATM,Gul Ahmed Textile Mills Limited,18,25,44.3,44.3,,,,29.17,43.23,40.62,83.33,62.5,-3.47,-3.47,50.63,63.76,20B,1.49M,9.95,0.39,0.86,2.72,1.18,0,down,-3.47% period return; PE 9.95; EPS 2.72; margin 1.18%
2026-07-18,TEXTILE COMPOSITE,HAEL,Hala Enterprises Limited,19,25,44.03,44.03,,,,33.33,50,50,40.28,50,-5.91,-5.91,35.38,88.06,364.42M,25.8K,,,,,,,strong_down,-5.91% period return
2026-07-18,TEXTILE COMPOSITE,BTL,Blessed Textiles Limited,20,25,43.98,43.98,,,,79.17,35.42,9.38,27.78,62.5,6.92,6.92,55.55,269.35,6.53B,62.6,-28.47,0.86,,-35.67,-0.77,0,strong_up,6.92% period return; PE -28.47; EPS -35.67; margin -0.77%
2026-07-18,TEXTILE COMPOSITE,BHAT,Bhanero Textile Mills Limited,21,25,43.62,43.62,,,,34.38,41.97,56.25,25,62.5,-2.85,-2.85,28.97,11.06,2.45B,392.4,26.8,0.23,3.89,30.09,0.28,0,down,-2.85% period return; PE 26.8; EPS 30.09; margin 0.28%
2026-07-18,TEXTILE COMPOSITE,ZAHID,Zahidjee Textile Mills Limited,22,25,43.23,43.23,,,,30.21,31.19,59.38,52.78,62.5,-4.63,-4.63,89.72,159.59,16.24B,282.61K,10.7,0.74,0.82,7.93,3.96,0,down,-4.63% period return; PE 10.7; EPS 7.93; margin 3.96%
2026-07-18,TEXTILE COMPOSITE,FZCM,Fazal Cloth Mills Limited,23,25,42.76,42.76,,,,50,35.9,31.25,47.22,62.5,0.06,0.06,63.44,34.83,7.5B,1.65K,82.9,0.15,40.86,3.02,0.1,0,flat,0.06% period return; PE 82.9; EPS 3.02; margin 0.1%
2026-07-18,TEXTILE COMPOSITE,FML,Feroze1888 Mills Limited,24,25,39.01,39.01,,,,47.92,25,21.88,66.67,62.5,-1.63,-1.63,48.02,70.63,23.21B,99.03K,126.17,0.69,-27.14,0.46,0.27,0,down,-1.63% period return; PE 126.17; EPS 0.46; margin 0.27%
2026-07-18,TEXTILE COMPOSITE,FASM,Faisal Spinning Mills Limited,25,25,31.86,31.86,,,,23.96,58.33,3.12,30.56,62.5,-5.93,-5.93,31.36,37.96,3.31B,81.25,-6.27,0.31,-1.45,-52.85,-1.19,0,strong_down,-5.93% period return; PE -6.27; EPS -52.85; margin -1.19%
2026-07-18,TEXTILE SPINNING,KOHTM,Kohat Textile Mills Limited,1,24,69.54,69.54,,,,51.09,56.67,90,85.51,90,-1.88,-1.88,55.1,238.5,2.82B,179.2K,3.17,0.58,0.23,14.85,3.65,1.48,down,-1.88% period return; PE 3.17; EPS 14.85; margin 3.65%
2026-07-18,TEXTILE SPINNING,ELSM,Ellcot Spinning Mills Limited,2,24,65.45,65.45,,,,70.65,50,65,55.07,100,6.6,6.6,12.57,23.83,1.34B,410,30.85,0.31,-27.83,3.97,0.28,3.26,strong_up,6.6% period return; PE 30.85; EPS 3.97; margin 0.28%
2026-07-18,TEXTILE SPINNING,SNAI,Sana Industries Limited,3,24,64.76,64.76,,,,59.78,50,85,50.72,80,0.14,0.14,18.49,51.22,739.7M,465.6,5.66,1.04,-0.6,6.54,5.84,0,flat,0.14% period return; PE 5.66; EPS 6.54; margin 5.84%
2026-07-18,TEXTILE SPINNING,JDMT,Janana De Malucho Textile Mills Limited,4,24,59.64,59.64,,,,76.09,50,50,68.12,50,2.96,2.96,24.05,134.73,975.62M,75.31K,,,,,,,up,2.96% period return
2026-07-18,TEXTILE SPINNING,CCM,Crescent Cotton Mills Limited,5,24,59.59,59.59,,,,54.35,63.33,50,69.57,80,0,0,28.32,56.05,1.22B,34.14K,12.45,0.18,-0.91,2.96,-0.18,0,flat,0% period return; PE 12.45; EPS 2.96; margin -0.18%
2026-07-18,TEXTILE SPINNING,GADT,Gadoon Textile Mills Limited,6,24,58.69,58.69,,,,33.7,43.33,90,72.46,80,-1.29,-1.29,87.27,31.63,7.93B,8.54K,6.47,0.32,0.55,43.77,1.72,0,down,-1.29% period return; PE 6.47; EPS 43.77; margin 1.72%
2026-07-18,TEXTILE SPINNING,DMC,D.M. Corporation Limited.,7,24,55.4,55.4,,,,70.65,50,50,42.03,50,5.63,5.63,85.08,341.65,580.35M,610.6,,,,,,,strong_up,5.63% period return
2026-07-18,TEXTILE SPINNING,SERT,Service Industries Textiles Limited,8,24,52.9,52.9,,,,56.52,50,50,59.42,50,-1.41,-1.41,35.68,224.83,858.55M,214.82K,,,,,,,down,-1.41% period return
2026-07-18,TEXTILE SPINNING,SHDT,Shadab Textile Mills Limited,9,24,52.79,52.79,,,,48.91,50,50,81.16,50,-1.19,-1.19,41.83,56.64,1.3B,164.18K,,,,,,,down,-1.19% period return
2026-07-18,TEXTILE SPINNING,IDEAL,Ideal Dynamics Limited,10,24,52.75,52.75,,,,65.22,50,50,31.88,50,0.18,0.18,60.18,247.62,543.12M,14.22K,,,,,,,flat,0.18% period return
2026-07-18,TEXTILE SPINNING,MQTM,Maqbool Textile Mills Limited,11,24,52.46,52.46,,,,76.09,53.33,10,57.97,80,6.11,6.11,31.93,106.68,684.56M,190.81K,-0.47,2.16,0.01,-79.43,-17.35,0,strong_up,6.11% period return; PE -0.47; EPS -79.43; margin -17.35%
2026-07-18,TEXTILE SPINNING,SHCM,Shadman Cotton Mills Limited,12,24,52.43,52.43,,,,64.13,50,50,31.88,50,14.89,14.89,90.83,65.83,892.6M,5.57K,,,,,,,strong_up,14.89% period return
2026-07-18,TEXTILE SPINNING,ARCTM,Arctic Textile Mills Limited,13,24,50.65,50.65,,,,54.35,50,50,43.48,50,-1.36,-1.36,22.47,58.91,505.39M,64.02K,,,,,,,down,-1.36% period return
2026-07-18,TEXTILE SPINNING,SZTM,Shahzad Textile Mills Limited,14,24,50.47,50.47,,,,48.91,50,50,57.97,50,-3.36,-3.36,26.6,179.19,1.81B,83.85K,,,,,,,down,-3.36% period return
2026-07-18,TEXTILE SPINNING,CFL,Crescent Fibres Limited,15,24,49.54,49.54,,,,48.91,73.33,15,47.83,80,1.53,1.53,59.64,30.58,731.29M,785.25,-1.19,0.19,0.03,-49.59,-18.39,0,up,1.53% period return; PE -1.19; EPS -49.59; margin -18.39%
2026-07-18,TEXTILE SPINNING,DINT,Din Textile Mills Limited,16,24,48.8,48.8,,,,36.96,53.33,40,63.77,80,-3.03,-3.03,51.27,64.24,3.56B,51.58K,-17.36,0.51,-1.84,-3.91,-0.63,0,down,-3.03% period return; PE -17.36; EPS -3.91; margin -0.63%
2026-07-18,TEXTILE SPINNING,DFSM,Dewan Farooque Spinning Mills Limited,17,24,48.77,48.77,,,,32.61,50,50,89.86,50,-5.6,-5.6,105.12,358.13,1.68B,6.12M,,,,,,,strong_down,-5.6% period return
2026-07-18,TEXTILE SPINNING,JATM,J.A. Textile Mills Limited,18,24,48.37,48.37,,,,51.09,50,50,30.43,50,-2.72,-2.72,34.76,149.28,458.94M,18.72K,,,,,,,down,-2.72% period return
2026-07-18,TEXTILE SPINNING,NATM,Nadeem Textile Mills Limited,19,24,46.64,46.64,,,,72.83,50,5,30.43,80,10.6,10.6,9.14,10.6,1.81B,1,-1.59,0.83,0.05,-53.59,-51.27,0,strong_up,10.6% period return; PE -1.59; EPS -53.59; margin -51.27%
2026-07-18,TEXTILE SPINNING,TATM,Tata Textile Mills Limited,20,24,43.19,43.19,,,,21.74,50,50,66.67,50,-3.21,-3.21,141.59,56.99,7.21B,36.77K,,,,,,,down,-3.21% period return
2026-07-18,TEXTILE SPINNING,ASTM,Asim Textile Mills Limited,21,24,41.88,41.88,,,,26.09,50,50,40.58,50,-6.19,-6.19,73.09,101.92,367.74M,109.07K,,,,,,,strong_down,-6.19% period return
2026-07-18,TEXTILE SPINNING,AWTX,Allawasaya Tex. & Finishing Mills Ltd,22,24,41.7,41.7,,,,25,26.67,70,20.29,80,-9.09,-9.09,10,22.21,1.24B,0,156.58,0.99,-19.42,9.84,0.15,0,strong_down,-9.09% period return; PE 156.58; EPS 9.84; margin 0.15%
2026-07-18,TEXTILE SPINNING,IDRT,Idrees Textile Mills Limited,23,24,39.38,39.38,,,,20.65,50,50,31.88,50,-8.05,-8.05,86.73,91.89,723.83M,25.37K,,,,,,,strong_down,-8.05% period return
2026-07-18,TEXTILE SPINNING,ELCM,Elahi Cotton Mills Limited,24,24,34.99,34.99,,,,33.7,30,30,18.84,80,-4.42,-4.42,45.47,90.4,306.92M,405,-9.78,4.52,0.16,-24.15,-3.34,0,down,-4.42% period return; PE -9.78; EPS -24.15; margin -3.34%
2026-07-18,TEXTILE WEAVING,STJT,Shahtaj Textile Limited,1,4,71.94,71.94,,,,66.67,50,100,44.44,100,-3.71,-3.71,15.28,100.76,1.36B,418.8,5.07,0.55,0.48,27.72,4.42,3.91,down,-3.71% period return; PE 5.07; EPS 27.72; margin 4.42%
2026-07-18,TEXTILE WEAVING,ASHT,Ashfaq Textile Mills Limited,2,4,46.94,46.94,,,,41.67,50,50,44.44,50,-4.48,-4.48,118.75,134.6,1.49B,3.62K,,,,,,,down,-4.48% period return
2026-07-18,TEXTILE WEAVING,ZTL,Zephyr Textiles Limited,3,4,45.28,45.28,,,,83.33,50,0,77.78,0,-3.56,-3.56,22.03,105.74,1.19B,139.1K,-24.52,0.48,3.17,-0.82,-0.65,0,down,-3.56% period return; PE -24.52; EPS -0.82; margin -0.65%
2026-07-18,TEXTILE WEAVING,ICCI,ICC Industries Limited,4,4,36.94,36.94,,,,8.33,50,50,44.44,50,-7.27,-7.27,40.47,48.08,382.51M,30.78K,,,,,,,strong_down,-7.27% period return
2026-07-18,TRANSPORT,PIBTL,Pakistan International Bulk Terminal,1,4,76.39,76.39,,,,66.67,50,100,88.89,100,-2.08,-2.08,39.21,76.85,29.47B,10.96M,13.99,1.68,7.89,1.18,14.81,0,down,-2.08% period return; PE 13.99; EPS 1.18; margin 14.81%
2026-07-18,TRANSPORT,SLGL,Secure Logistics-Trax Group Limited,2,4,51.94,51.94,,,,58.33,50,50,44.44,50,-1.15,-1.15,62.48,25.46,6.88B,2.94M,,,,,,,down,-1.15% period return
2026-07-18,TRANSPORT,PICT,Pakistan International Container,3,4,43.61,43.61,,,,66.67,50,0,11.11,100,-4.62,-4.62,16.22,117.38,5.61B,713.79K,-43.8,4.14,2.14,-1.17,-1281.2,0,down,-4.62% period return; PE -43.8; EPS -1.17; margin -1281.2%
2026-07-18,TRANSPORT,BLUEX,Blue-Ex Limited,4,4,38.06,38.06,,,,8.33,50,50,55.56,50,-5.47,-5.47,988.16,51.63,2.11B,19.83M,,,,,,,strong_down,-5.47% period return
2026-07-18,VANASPATI & ALLIED INDUSTRIES,SSOM,S.S.Oil Mills Limited,1,2,51.67,51.67,,,,50,50,50,66.67,50,0.18,0.18,155.46,31.54,2.61B,15.95K,,,,,,,flat,0.18% period return
2026-07-18,VANASPATI & ALLIED INDUSTRIES,POML,Punjab Oil Mills Limited,2,2,48.33,48.33,,,,50,50,50,33.33,50,-0.9,-0.9,46.47,45.43,1.28B,4.48K,,,,,,,flat,-0.9% period return
2026-07-18,WOOLLEN,BNWM,Bannu Woollen Mills Limited,1,1,50,50,,,,50,50,50,50,50,-1.94,-1.94,38.53,32.66,630.55M,7.71K,-6.92,0.19,-0.31,-9.58,-7,0,down,-1.94% period return; PE -6.92; EPS -9.58; margin -7%
